<?xml version="1.0" encoding="utf-8"?>
<!--/843086/443740/2.49/14/3/Integrated Circuit/-->
<quadcept_library>
  <setting unit="mil" />
  <textstyle name="Default" height="47.244094488189" strokewidth="7.8740157480315" charwidth="47.244094488189" />
  <textstyle name="Dimension" height="19.6850393700787" strokewidth="0" charwidth="19.6850393700787" />
  <textstyle name="H127W0635TH00762" height="50" strokewidth="3" charwidth="25" />
  <textstyle name="H15W15TH02" height="59.0551181102362" strokewidth="7.8740157480315" charwidth="59.0551181102362" />
  <padstyle name="c118_h78" surface="False" plated="True" isvia="False" nopaste="True" nomask="True" complex="False" holesize="30.708661417322">
    <padshape layer="TOP" shape="round" width="46.456692913385" height="46.456692913385" />
    <padshape layer="TOP_SOLDER_MASK" shape="round" width="54.330708661417" height="54.330708661417" />
    <padshape layer="INNER" shape="round" width="46.456692913385" height="46.456692913385" />
    <padshape layer="BOTTOM" shape="round" width="46.456692913385" height="46.456692913385" />
    <padshape layer="BOTTOM_SOLDER_MASK" shape="round" width="54.330708661417" height="54.330708661417" />
  </padstyle>
  <padstyle name="s118_h78" surface="False" plated="True" isvia="False" nopaste="True" nomask="True" complex="False" holesize="30.708661417322">
    <padshape layer="TOP" shape="square" width="46.456692913385" height="46.456692913385" />
    <padshape layer="TOP_SOLDER_MASK" shape="square" width="54.330708661417" height="54.330708661417" />
    <padshape layer="INNER" shape="round" width="46.456692913385" height="46.456692913385" />
    <padshape layer="BOTTOM" shape="square" width="46.456692913385" height="46.456692913385" />
    <padshape layer="BOTTOM_SOLDER_MASK" shape="square" width="54.330708661417" height="54.330708661417" />
  </padstyle>
  <footprint name="DIP775W58P254L1943H508Q14N" originx="0" originy="0" pickpointx="0" pickpointy="0">
    <pcbpin number="1" name="1" style="s118_h78" originx="-152.55905511811" originy="300" rotation="90" />
    <pcbpin number="2" name="2" style="c118_h78" originx="-152.55905511811" originy="200" rotation="90" />
    <pcbpin number="3" name="3" style="c118_h78" originx="-152.55905511811" originy="99.999999999999" rotation="90" />
    <pcbpin number="4" name="4" style="c118_h78" originx="-152.55905511811" originy="0" rotation="90" />
    <pcbpin number="5" name="5" style="c118_h78" originx="-152.55905511811" originy="-99.999999999999" rotation="90" />
    <pcbpin number="6" name="6" style="c118_h78" originx="-152.55905511811" originy="-200" rotation="90" />
    <pcbpin number="7" name="7" style="c118_h78" originx="-152.55905511811" originy="-300" rotation="90" />
    <pcbpin number="8" name="8" style="c118_h78" originx="152.55905511811" originy="-300" rotation="90" />
    <pcbpin number="9" name="9" style="c118_h78" originx="152.55905511811" originy="-200" rotation="90" />
    <pcbpin number="10" name="10" style="c118_h78" originx="152.55905511811" originy="-99.999999999999" rotation="90" />
    <pcbpin number="11" name="11" style="c118_h78" originx="152.55905511811" originy="0" rotation="90" />
    <pcbpin number="12" name="12" style="c118_h78" originx="152.55905511811" originy="99.999999999999" rotation="90" />
    <pcbpin number="13" name="13" style="c118_h78" originx="152.55905511811" originy="200" rotation="90" />
    <pcbpin number="14" name="14" style="c118_h78" originx="152.55905511811" originy="300" rotation="90" />
    <line layer="TOP_PLACE_BOUND" originx="-193.11023622047" originy="392.32283464566" endx="193.11023622047" endy="392.32283464566" width="1.9685039370079" />
    <line layer="TOP_PLACE_BOUND" originx="193.11023622047" originy="392.32283464566" endx="193.11023622047" endy="-392.32283464566" width="1.9685039370079" />
    <line layer="TOP_PLACE_BOUND" originx="193.11023622047" originy="-392.32283464566" endx="-193.11023622047" endy="-392.32283464566" width="1.9685039370079" />
    <line layer="TOP_PLACE_BOUND" originx="-193.11023622047" originy="-392.32283464566" endx="-193.11023622047" endy="392.32283464566" width="1.9685039370079" />
    <line layer="TOP_ASSEMBLY" originx="-154.92125984252" originy="382.48031496063" endx="154.92125984252" endy="382.48031496063" width="3.9370078740157" />
    <line layer="TOP_ASSEMBLY" originx="154.92125984252" originy="382.48031496063" endx="154.92125984252" endy="-382.48031496063" width="3.9370078740157" />
    <line layer="TOP_ASSEMBLY" originx="154.92125984252" originy="-382.48031496063" endx="-154.92125984252" endy="-382.48031496063" width="3.9370078740157" />
    <line layer="TOP_ASSEMBLY" originx="-154.92125984252" originy="-382.48031496063" endx="-154.92125984252" endy="382.48031496063" width="3.9370078740157" />
    <line layer="TOP_ASSEMBLY" originx="-154.92125984252" originy="332.48031496063" endx="-104.92125984252" endy="382.48031496063" width="3.9370078740157" />
    <line layer="TOP_SILKSCREEN" originx="-175.7874015748" originy="382.48031496063" endx="154.92125984252" endy="382.48031496063" width="7.8740157480314" />
    <line layer="TOP_SILKSCREEN" originx="-154.92125984252" originy="-382.48031496063" endx="154.92125984252" endy="-382.48031496063" width="7.8740157480314" />
  </footprint>
  <symbol name="AD650SD" originx="0" originy="0">
    <line originx="200" originy="100" endx="2400" endy="100" width="0" />
    <line originx="2400" originy="-700" endx="2400" endy="100" width="0" />
    <line originx="2400" originy="-700" endx="200" endy="-700" width="0" />
    <line originx="200" originy="100" endx="200" endy="-700" width="0" />
    <sympin number="1" originx="200" originy="0" rotation="180" length="100" width="7.8740157480315" flipped="False">
      <text name="pinname" originx="230" originy="0" style="Default" rotation="0" justify="left" flipped="False" hidden="False" data="VOUT" />
      <text name="pindes" originx="140" originy="20" style="Default" rotation="0" justify="lowerright" flipped="False" hidden="False" data="1" />
    </sympin>
    <sympin number="2" originx="200" originy="-100" rotation="180" length="100" width="7.8740157480315" flipped="False">
      <text name="pinname" originx="230" originy="-100" style="Default" rotation="0" justify="left" flipped="False" hidden="False" data="+IN" />
      <text name="pindes" originx="140" originy="-80" style="Default" rotation="0" justify="lowerright" flipped="False" hidden="False" data="2" />
    </sympin>
    <sympin number="3" originx="200" originy="-200" rotation="180" length="100" width="7.8740157480315" flipped="False">
      <text name="pinname" originx="230" originy="-200" style="Default" rotation="0" justify="left" flipped="False" hidden="False" data="-IN" />
      <text name="pindes" originx="140" originy="-180" style="Default" rotation="0" justify="lowerright" flipped="False" hidden="False" data="3" />
    </sympin>
    <sympin number="4" originx="200" originy="-300" rotation="180" length="100" width="7.8740157480315" flipped="False">
      <text name="pinname" originx="230" originy="-300" style="Default" rotation="0" justify="left" flipped="False" hidden="False" data="BIPOLAR_OFFSET_CURRENT" />
      <text name="pindes" originx="140" originy="-280" style="Default" rotation="0" justify="lowerright" flipped="False" hidden="False" data="4" />
    </sympin>
    <sympin number="5" originx="200" originy="-400" rotation="180" length="100" width="7.8740157480315" flipped="False">
      <text name="pinname" originx="230" originy="-400" style="Default" rotation="0" justify="left" flipped="False" hidden="False" data="-VS" />
      <text name="pindes" originx="140" originy="-380" style="Default" rotation="0" justify="lowerright" flipped="False" hidden="False" data="5" />
    </sympin>
    <sympin number="6" originx="200" originy="-500" rotation="180" length="100" width="7.8740157480315" flipped="False">
      <text name="pinname" originx="230" originy="-500" style="Default" rotation="0" justify="left" flipped="False" hidden="False" data="ONE_SHOT_CAPACITOR" />
      <text name="pindes" originx="140" originy="-480" style="Default" rotation="0" justify="lowerright" flipped="False" hidden="False" data="6" />
    </sympin>
    <sympin number="7" originx="200" originy="-600" rotation="180" length="100" width="7.8740157480315" flipped="False">
      <text name="pinname" originx="230" originy="-600" style="Default" rotation="0" justify="left" flipped="False" hidden="False" data="NC" />
      <text name="pindes" originx="140" originy="-580" style="Default" rotation="0" justify="lowerright" flipped="False" hidden="False" data="7" />
    </sympin>
    <sympin number="14" originx="2400" originy="0" rotation="0" length="100" width="7.8740157480315" flipped="False">
      <text name="pinname" originx="2370" originy="0" style="Default" rotation="0" justify="right" flipped="False" hidden="False" data="OFFSET_NULL_2" />
      <text name="pindes" originx="2460" originy="20" style="Default" rotation="0" justify="lowerleft" flipped="False" hidden="False" data="14" />
    </sympin>
    <sympin number="13" originx="2400" originy="-100" rotation="0" length="100" width="7.8740157480315" flipped="False">
      <text name="pinname" originx="2370" originy="-100" style="Default" rotation="0" justify="right" flipped="False" hidden="False" data="OFFSET_NULL_1" />
      <text name="pindes" originx="2460" originy="-80" style="Default" rotation="0" justify="lowerleft" flipped="False" hidden="False" data="13" />
    </sympin>
    <sympin number="12" originx="2400" originy="-200" rotation="0" length="100" width="7.8740157480315" flipped="False">
      <text name="pinname" originx="2370" originy="-200" style="Default" rotation="0" justify="right" flipped="False" hidden="False" data="+VS" />
      <text name="pindes" originx="2460" originy="-180" style="Default" rotation="0" justify="lowerleft" flipped="False" hidden="False" data="12" />
    </sympin>
    <sympin number="11" originx="2400" originy="-300" rotation="0" length="100" width="7.8740157480315" flipped="False">
      <text name="pinname" originx="2370" originy="-300" style="Default" rotation="0" justify="right" flipped="False" hidden="False" data="ANALOG_GND" />
      <text name="pindes" originx="2460" originy="-280" style="Default" rotation="0" justify="lowerleft" flipped="False" hidden="False" data="11" />
    </sympin>
    <sympin number="10" originx="2400" originy="-400" rotation="0" length="100" width="7.8740157480315" flipped="False">
      <text name="pinname" originx="2370" originy="-400" style="Default" rotation="0" justify="right" flipped="False" hidden="False" data="DIGITAL_GND" />
      <text name="pindes" originx="2460" originy="-380" style="Default" rotation="0" justify="lowerleft" flipped="False" hidden="False" data="10" />
    </sympin>
    <sympin number="9" originx="2400" originy="-500" rotation="0" length="100" width="7.8740157480315" flipped="False">
      <text name="pinname" originx="2370" originy="-500" style="Default" rotation="0" justify="right" flipped="False" hidden="False" data="COMPARATOR_INPUT" />
      <text name="pindes" originx="2460" originy="-480" style="Default" rotation="0" justify="lowerleft" flipped="False" hidden="False" data="9" />
    </sympin>
    <sympin number="8" originx="2400" originy="-600" rotation="0" length="100" width="7.8740157480315" flipped="False">
      <text name="pinname" originx="2370" originy="-600" style="Default" rotation="0" justify="right" flipped="False" hidden="False" data="FOUTPUT" />
      <text name="pindes" originx="2460" originy="-580" style="Default" rotation="0" justify="lowerleft" flipped="False" hidden="False" data="8" />
    </sympin>
  </symbol>
  <component name="AD650SD" designatorprefix="IC" height="200" footprint="DIP775W58P254L1943H508Q14N">
    <comppin designator="1" sympin="1" pinswap="0" gateswap="0" gate="1" group="1" side="" type="Any" name="VOUT" />
    <comppin designator="2" sympin="2" pinswap="0" gateswap="0" gate="1" group="1" side="" type="Any" name="+IN" />
    <comppin designator="3" sympin="3" pinswap="0" gateswap="0" gate="1" group="1" side="" type="Any" name="-IN" />
    <comppin designator="4" sympin="4" pinswap="0" gateswap="0" gate="1" group="1" side="" type="Any" name="BIPOLAR_OFFSET_CURRENT" />
    <comppin designator="5" sympin="5" pinswap="0" gateswap="0" gate="1" group="1" side="" type="Any" name="-VS" />
    <comppin designator="6" sympin="6" pinswap="0" gateswap="0" gate="1" group="1" side="" type="Any" name="ONE_SHOT_CAPACITOR" />
    <comppin designator="7" sympin="7" pinswap="0" gateswap="0" gate="1" group="1" side="" type="Any" name="NC" />
    <comppin designator="8" sympin="8" pinswap="0" gateswap="0" gate="1" group="1" side="" type="Any" name="FOUTPUT" />
    <comppin designator="9" sympin="9" pinswap="0" gateswap="0" gate="1" group="1" side="" type="Any" name="COMPARATOR_INPUT" />
    <comppin designator="10" sympin="10" pinswap="0" gateswap="0" gate="1" group="1" side="" type="Any" name="DIGITAL_GND" />
    <comppin designator="11" sympin="11" pinswap="0" gateswap="0" gate="1" group="1" side="" type="Any" name="ANALOG_GND" />
    <comppin designator="12" sympin="12" pinswap="0" gateswap="0" gate="1" group="1" side="" type="Any" name="+VS" />
    <comppin designator="13" sympin="13" pinswap="0" gateswap="0" gate="1" group="1" side="" type="Any" name="OFFSET_NULL_1" />
    <comppin designator="14" sympin="14" pinswap="0" gateswap="0" gate="1" group="1" side="" type="Any" name="OFFSET_NULL_2" />
    <attached_symbol gate="1" name="AD650SD" />
    <pinmap designator="1" footprintpin="1" />
    <pinmap designator="2" footprintpin="2" />
    <pinmap designator="3" footprintpin="3" />
    <pinmap designator="4" footprintpin="4" />
    <pinmap designator="5" footprintpin="5" />
    <pinmap designator="6" footprintpin="6" />
    <pinmap designator="7" footprintpin="7" />
    <pinmap designator="8" footprintpin="8" />
    <pinmap designator="9" footprintpin="9" />
    <pinmap designator="10" footprintpin="10" />
    <pinmap designator="11" footprintpin="11" />
    <pinmap designator="12" footprintpin="12" />
    <pinmap designator="13" footprintpin="13" />
    <pinmap designator="14" footprintpin="14" />
    <text name="Datasheet" originx="0" originy="0" style="Default" rotation="0" justify="" flipped="False" hidden="True" data="https://www.analog.com/media/en/technical-documentation/data-sheets/AD650.pdf" />
    <text name="Description" originx="0" originy="0" style="Default" rotation="0" justify="" flipped="False" hidden="True" data="ANALOG DEVICES - AD650SD - V/F/V CONVERTER, 1MHZ, DIP-14" />
    <text name="Manufacturer_Name" originx="0" originy="0" style="Default" rotation="0" justify="" flipped="False" hidden="True" data="Analog Devices" />
    <text name="Manufacturer_Part_Number" originx="2450" originy="200" style="Default" rotation="0" justify="left" flipped="False" hidden="False" data="AD650SD" />
    <text name="Mouser Part Number" originx="0" originy="0" style="Default" rotation="0" justify="" flipped="False" hidden="True" data="584-AD650SD" />
    <text name="Mouser Price/Stock" originx="0" originy="0" style="Default" rotation="0" justify="" flipped="False" hidden="True" data="https://www.mouser.co.uk/ProductDetail/Analog-Devices/AD650SD?qs=NmRFExCfTkGUYsKvHm%2FjFQ%3D%3D" />
    <text name="Arrow Part Number" originx="0" originy="0" style="Default" rotation="0" justify="" flipped="False" hidden="True" data="AD650SD" />
    <text name="Arrow Price/Stock" originx="0" originy="0" style="Default" rotation="0" justify="" flipped="False" hidden="True" data="https://www.arrow.com/en/products/ad650sd/analog-devices" />
  </component>
</quadcept_library>
